{"chain": [["I", 0, 1], ["O", 7, 1], ["C", 0, 1], ["R", 3, 1], ["I", 1, 2], ["O", 7, 2], ["C", 1, 2], ["R", 3, 2], ["I", 2, 3], ["O", 7, 3], ["C", 2, 3], ["R", 3, 3], ["W", 2, 4], ["R", 0, 4], ["I", 3, 4], ["R", 6, 4], ["I", 0], ["R", 7, 4], ["R", 3, 4], ["I", 4, 5], ["R", 0, 5], ["O", 7, 5], ["R", 0, 5], ["C", 3, 5], ["R", 3, 5], ["I", 5, 6], ["O", 7, 6], ["I", 1], ["O", 0, 6], ["I", 2], ["R", 3, 6], ["I", 6, 7], ["O", 7, 7], ["C", 4, 7], ["R", 3, 7], ["W", 5, 8], ["R", 0, 8], ["I", 5], ["R", 0, 8], ["O", 6, 8], ["R", 0, 8], ["I", 5], ["R", 0, 8], ["W", 6, 8], ["R", 3, 8], ["I", 5], ["R", 0, 9], ["O", 7, 9], ["R", 0, 9], ["C", 5, 9], ["R", 3, 9], ["I", 1], ["R", 0, 10], ["O", 7, 10], ["R", 0, 10], ["C", 6, 10], ["R", 3, 10], ["W", 7, 11], ["R", 3, 11], ["I", 1], ["R", 0, 12], ["O", 7, 12], ["R", 0, 12], ["I", 5], ["R", 3, 12], ["W", 8, 13], ["R", 3, 13], ["W", 9, 14], ["R", 0, 14], ["I", 6], ["R", 0, 14], ["O", 6, 14], ["R", 0, 14], ["C", 7, 14], ["R", 0, 14], ["W", 11, 14], ["R", 3, 14], ["I", 3], ["R", 6, 15], ["I", 6], ["R", 7, 15], ["R", 0, 15], ["O", 7, 15], ["R", 0, 15], ["C", 8, 15], ["R", 3, 15], ["I", 4], ["R", 0, 16], ["O", 7, 16], ["R", 0, 16], ["I", 4], ["R", 0, 16], ["O", 0, 16], ["R", 0, 16], ["I", 3], ["R", 6, 16], ["I", 6], ["R", 7, 16], ["R", 3, 16], ["W", 10, 17], ["R", 3, 17], ["W", 0, 18]], "tables": {"service_words": ["stop", "end", "dim", "goto", "gosub", "if", "then", "else", "end if", "while", "end while", "do", "sub", "end sub"], "operations": ["+", "-", "*", "/", "^", "<", ">", "=", "<>", "<=", ">="], "separators": [" ", ",", ":", ";", "(", ")", "[", "]", "'", "\"", "\n"], "constants": [{"type": "integer", "value": "15"}, {"type": "integer", "value": "30"}, {"type": "integer", "value": "35"}, {"type": "integer", "value": "0"}, {"type": "integer", "value": "5"}, {"type": "integer", "value": "5"}, {"type": "integer", "value": "1"}, {"type": "integer", "value": "5"}, {"type": "integer", "value": "1"}], "identifiers": [{"type": "identifier", "value": "n"}, {"type": "identifier", "value": "b"}, {"type": "identifier", "value": "c"}, {"type": "identifier", "value": "m"}, {"type": "identifier", "value": "summ"}, {"type": "identifier", "value": "a"}, {"type": "identifier", "value": "i"}]}}