{"rpn": ["n", "15", "=", "b", "30", "=", "c", "35", "=", "m", "n", "2 \u0410\u042d\u041c", "1 \u041d\u0410", "summ", "0", "=", "a", "b", "c", "+", "=", "i", "5", "=", "a", "a", ">", "M1 \u0423\u041f\u041b", "a", "5", "=", "b", "1", "=", "M2 \u0411\u041f M1:", "b", "a", "=", "M2:", "\u041d\u0426 M3:", "i", "5", ">", "M4 \u0423\u041f\u041b", "m", "i", "2 \u0410\u042d\u041c", "1", "=", "summ", "summ", "m", "i", "2 \u0410\u042d\u041c", "+", "=", "\u041a\u0426 M3 \u0411\u041f M4:"], "tables": {"service_words": ["stop", "end", "dim", "goto", "gosub", "if", "then", "else", "end if", "while", "end while", "do"], "operations": ["+", "-", "*", "/", "^", "<", ">", "=", "<>", "<=", ">="], "separators": [" ", ",", ":", ";", "(", ")", "[", "]", "'", "\"", "\n"], "constants": [{"type": "integer", "value": "15"}, {"type": "integer", "value": "30"}, {"type": "integer", "value": "35"}, {"type": "integer", "value": "0"}, {"type": "integer", "value": "5"}, {"type": "integer", "value": "5"}, {"type": "integer", "value": "1"}, {"type": "integer", "value": "5"}, {"type": "integer", "value": "1"}], "identifiers": [{"type": "identifier", "value": "n"}, {"type": "identifier", "value": "b"}, {"type": "identifier", "value": "c"}, {"type": "identifier", "value": "m"}, {"type": "identifier", "value": "summ"}, {"type": "identifier", "value": "a"}, {"type": "identifier", "value": "i"}]}}