{"chain": [["I", 0, 1], ["R", 0, 1], ["O", 7, 1], ["R", 0, 1], ["C", 0, 1], ["I", 1, 2], ["R", 0, 2], ["O", 7, 2], ["R", 0, 2], ["C", 1, 2], ["W", 5, 3], ["R", 0, 3], ["I", 1], ["R", 0, 3], ["O", 6, 3], ["R", 0, 3], ["I", 0], ["R", 0, 3], ["W", 6, 3], ["I", 2, 4], ["R", 0, 4], ["O", 7, 4], ["R", 0, 4], ["I", 0], ["I", 0], ["R", 0, 5], ["O", 7, 5], ["R", 0, 5], ["I", 1], ["I", 1], ["R", 0, 6], ["O", 7, 6], ["R", 0, 6], ["I", 2], ["W", 8, 7], ["W", 0, 9]], "tables": {"service_words": ["stop", "end", "dim", "goto", "gosub", "if", "then", "else", "end if"], "operations": ["+", "-", "*", "/", "^", "<", ">", "=", "<>", "<=", ">="], "separators": [" ", ",", ":", "(", ")", "[", "]", "'", "\""], "constants": [{"type": "integer", "value": "1"}, {"type": "integer", "value": "100"}], "identifiers": [{"type": "identifier", "value": "b"}, {"type": "identifier", "value": "a"}, {"type": "identifier", "value": "temp"}]}}